"ha_id","ha_name","ha_pop_2013","ha_area_km2","ha_dens_2013"
1,"Interior",717466,215413.446110119,3.33064631273404
2,"Fraser",1689875,15762.2641065969,107.210169083054
3,"Vancouver Coastal",1138657,55091.0569001702,20.6686359650596
4,"Vancouver Island",752144,55953.7301892546,13.442249470339
5,"Northern",283836,605525.310706106,0.468743411681697
NA,NA,NA,NA,NA
